{
  "loss": 0.3833010148953065,
  "base_loss": 0.3834514617919922,
  "event_loss": 0.0,
  "soft_event_loss": 0.0,
  "zero_loss": 0.0,
  "peak_loss": 0.0,
  "diff_loss": 0.0,
  "freq_loss": 0.0,
  "nonevent_loss": 0.0,
  "distill_loss": 0.0,
  "intervention_reg_loss": 0.0,
  "mean_event_gate": 0.0,
  "mean_non_event_gate": 0.0,
  "mean_event_delta_norm": 0.0,
  "mean_non_event_delta_norm": 0.0,
  "event_mse": 0.2798987494574436,
  "zero_mse": 0.2798987494574436,
  "rule_score": 0.5851614544297461,
  "val_base_mse": 0.3834514617919922,
  "val_event_mse": 0.2798987494574436,
  "val_zero_mse": 0.2798987494574436,
  "val_rule_score": 0.5851614544297461,
  "val_total_loss": 0.3833010148953065
}