Pred Len,Baseline Overall MSE,Loss Expert Overall MSE,Gated Overall MSE,Baseline Event MSE,Loss Expert Event MSE,Gated Event MSE,Event Points,Gated Overall Delta %,Gated Event Reduction %,Selection Status,Notes
96,0.3070307970046997,0.31012701988220215,0.30700984597206116,0.051323799171752074,0.025898627560507235,0.025898627560507235,6336,-0.006823756067124793,49.53875594080828,guarded,"Existing p96 peak-only run; guarded event-loss expert is selected from validation history."
192,0.33950021862983704,0.35424482822418213,0.33947861194610596,0.06504825630568177,0.03903268322797065,0.03903268322797065,12672,-0.006364262096289618,39.99426664944859,guarded,"New multihorizon run; gated output keeps baseline outside the event mask."
336,0.371104896068573,0.38042792677879333,0.3710731863975525,0.071749886737037,0.034104406403585356,0.034104406403585356,22176,-0.008544665229813751,52.46765123326556,fallback_no_guardrail_candidate,"Validation guardrail did not select a clean candidate; test-time gated diagnostic still preserves overall by construction."
720,0.4319831132888794,0.42752403020858765,0.4318944215774536,0.21341172549053802,0.11200010768489857,0.11200010768489857,47520,-0.020531291316119245,47.51923427475202,fallback_epoch1_no_guardrail_candidate,"Only epoch-1 fallback was available; treat as a diagnostic result, not a stable guarded conclusion."
