Experiment,Overall MSE,Overall MAE,Original MSE,Original MAE,Event MSE,Zero MSE,Rule Score,Event Points,Zero Points,Notes,Path
ettm1_guarded_longtail_finetune,0.3059435486793518,0.34844642877578735,6.347504138946533,1.2654902935028076,0.582882593548442,0.582882593548442,0.5893554834390948,129024,129024,dataset_aware_loss,results\long_term_forecast_DLinear_ETTm1_ftM_sl336_ll48_pl96_ettm1_guarded_longtail_finetune_0
ettm1_longtail_low_weights,0.3121488094329834,0.35599660873413086,6.535249710083008,1.3076846599578857,0.5893484448629256,0.5893484448629256,0.5932332266057178,129024,129024,dataset_aware_loss,results\long_term_forecast_DLinear_ETTm1_ftM_sl336_ll48_pl96_ettm1_longtail_low_weights_0
ettm1_longtail_medium_weights,0.31791990995407104,0.35925406217575073,6.730981349945068,1.3235801458358765,0.5540321592300228,0.5540321592300228,0.5979950686894918,129024,129024,dataset_aware_loss,results\long_term_forecast_DLinear_ETTm1_ftM_sl336_ll48_pl96_ettm1_longtail_medium_weights_0
