Pred Len,Baseline Overall MSE,Loss Expert Overall MSE,Gated Overall MSE,Baseline Event MSE,Loss Expert Event MSE,Gated Event MSE,Event Points,Gated Overall Delta %,Gated Event Reduction %,Selection Status,Notes
96,0.3070307970046997,0.31012701988220215,0.30700984597206116,0.051323799171752074,0.025898627560507235,0.025898627560507235,6336,-0.006823756067124793,49.53875594080828,guarded,"Existing p96 peak-only run; guarded event-loss expert is selected from validation history."
192,0.33950021862983704,0.35424482822418213,0.33947861194610596,0.06504825630568177,0.03903268322797065,0.03903268322797065,12672,-0.006364262096289618,39.99426664944859,guarded,"New multihorizon run; gated output keeps baseline outside the event mask."
336,0.371104896068573,0.37090498208999634,0.3710764944553375,0.071749886737037,0.03809516323247515,0.03809516323247515,22176,-0.007653257484974158,46.90561202961373,guarded,"Strict rerun selected by validation guarded_event_mse; event_weight=1.0 and peak_shape disabled."
720,0.4319831132888794,0.42719435691833496,0.43194490671157837,0.21341172549053802,0.16958698311233805,0.16958698311233805,47520,-0.008844460842494916,20.53530202122986,guarded,"Strict rerun selected by validation guarded_event_mse; event_weight=1.0 and peak_shape disabled."
